id,name,role,type,phone,email,street,city,country
7c827849-6ac3-48ff-b706-35fe5b1aa795,x,CLIENT,PHYSICAL,0600000000,,Sidi ennour,Sidi Bennour,MAR
24343d61-3ecf-476a-be74-339c98a1d530,Mohammed,CLIENT,PHYSICAL,0701076183,,Essalam,El Jadida,MAR
f0003b5f-3308-4ad7-b2a4-d6c739215241,Lassa,SUPPLIER,PHYSICAL,000000000,,casa blanca,Casablanca,MAR
d75936ff-3a11-4e3a-8cbd-45a3e216b960,MAJED,CLIENT,PHYSICAL,0669275504,,SB,Casablanca,MAR
95b5287d-bdf5-464e-a3fe-30442bf55e1d,HAMZA ,CLIENT,PHYSICAL,0661653857,,SB,Casablanca,MAR
53e10ee0-2e1f-4321-bf65-8fcff15da0c1,ALI,CLIENT,PHYSICAL,0700718546,,ARD LKHAYR SIDI BENNOUE,Casablanca,MAR
96487bfb-9e54-4027-b5d3-e08f5761c93a,LAHRACHE FOUAD,CLIENT,PHYSICAL,0628190045,,ARD LKHAYR SIDI BENNOUR,Casablanca,MAR
7b9ca4e6-a1cb-444d-a7d2-4a1307c91f85,abderamen,CLIENT,PHYSICAL,0667890920,,atawiya ,Casablanca,MAR
848ca018-69f8-4aa7-a315-11cc35beb3ec,Mostapha 1,CLIENT,PHYSICAL,0618249493,,el kalaa ,Casablanca,MAR
