brand,model,size,quantity,price
Amine,185/65 R15 88T,185/65 R15 88T,206,1.0
Petlas,185/65 R15 88T,185/65 R15 88T,179,1.0
Lassa,225/70 R15 100T,225/70 R15 100T,167,1.0
Petlas,175/70 R14 84T,175/70 R14 84T,137,1.0
Petlas,175/65 R14 82T,175/65 R14 82T,126,1.0
Lassa(Green),175/70 R14 84T,175/70 R14 84T,113,1.0
Leufenn,195/65 R15 91T,195/65 R15 91T,108,1.0
Boto,205/55 R16 91V,205/55 R16 91V,102,480.0
Kleber,225/70 R15 100T,225/70 R15 100T,98,100.0
Dunlop,205/55 R16 91V,205/55 R16 91V,96,1.0
Lassa(Green),175/70 R13 82T,175/70 R13 82T,95,1.0
Hankook,205/55 R16 91V,205/55 R16 91V,90,1.0
Leufenn,205/55 R16 91V,205/55 R16 91V,80,1.0
Lassa(Green),185/65 R15 88T,185/65 R15 88T,80,1.0
Boto,185/65 R15 88T,185/65 R15 88T,76,430.0
Amine,175/65 R14 82T,175/65 R14 82T,76,480.0
Lassa,195 R14,195 R14,74,1.0
Hankook,185/65 R15 88T,185/65 R15 88T,70,1.0
Lassa,215/70 R15 98T,215/70 R15 98T,63,1.0
Starmaxx,185/65 R15 88T,185/65 R15 88T,62,1.0
Boto,175/70 R14 84T,175/70 R14 84T,61,390.0
Delinte,215/65 R16 98T,215/65 R16 98T,60,1.0
Amine,195/65 R15 91T,195/65 R15 91T,59,1.0
Lassa(Green),175/65 R14 82T,175/65 R14 82T,55,2.0
Amine,175/70 R14 84T,175/70 R14 84T,54,55.0
TIANFU,185/65 R15 88T,185/65 R15 88T,52,1.0
Seha,750 R18,750 R18,50,1.0
Leufenn,225/40 R18 92V XL,225/40 R18 92V XL,50,1.0
Seha,750 R16,750 R16,50,1.0
Petlas,205/65 R15 94V,205/65 R15 94V,49,0.01
Delinte,185/65 R15 88T,185/65 R15 88T,49,1.0
Rotalla,195/65 R15 91T,195/65 R15 91T,47,1.0
Delinte,225/45 R17 91V XL,225/45 R17 91V XL,47,1.0
Starmaxx,205 R14,205 R14,46,800.0
Petlas,225/75 R16 C,225/75 R16 C,46,1.0
Petlas,195/55 R16 87V,195/55 R16 87V,43,1.0
Leufenn,175/70 R13 82T,175/70 R13 82T,43,1.0
Delinte,195/55 R16 87V,195/55 R16 87V,42,1.0
Montreal,165/70 R13 79T,165/70 R13 79T,41,1.0
Amine,195/75 R16 C,195/75 R16 C,38,845.0
Laufenn,195/65 R15 91T,195/65 R15 91T,36,510.0
Delinte,175/65 R14 82T,175/65 R14 82T,36,390.0
Starmaxx,195 R14,195 R14,36,720.0
Lassa(Green),185/65 R14 86H,185/65 R14 86H,35,20.0
Lassa,205 R14,205 R14,33,555.0
Delinte,215/55 R16 93V,215/55 R16 93V,32,1.0
Lassa,195 R15,195 R15,32,1.0
Triangle,205 R14,205 R14,31,1.0
Petlas,215/70 R15 98T,215/70 R15 98T,31,1.0
Lassa,225/75 R16 C,225/75 R16 C,31,1.0
Lassa,205/70 R15 96T,205/70 R15 96T,31,1.0
Lassa,215/65 R16 98T,215/65 R16 98T,30,1.0
Delinte,225/40 R18 92V XL,225/40 R18 92V XL,29,1.0
Hankook,195/65 R15 91T,195/65 R15 91T,29,1.0
Lassa,215/75 R16 C,215/75 R16 C,28,1.0
Lassa(Green),205/55 R16 91V,205/55 R16 91V,28,5555.0
Boto,155 R12 C,155 R12 C,28,0.01
Petlas,155 R12 C,155 R12 C,28,1.0
Lassa,8.5 R17.5,8.5 R17.5,27,1.0
Lassa,225/65 R16 100T,225/65 R16 100T,27,12.0
Lassa,235/65 R16 103T,235/65 R16 103T,27,1.0
Boto,195/55 R16 87V,195/55 R16 87V,27,500.0
Goodyear,205/55 R16 91V,205/55 R16 91V,26,1.0
Petlas,155/80 R13 79T,155/80 R13 79T,24,1.0
Lassa(Green),185/70 R14 88T,185/70 R14 88T,24,0.01
Boto,215/65 R16 98T,215/65 R16 98T,22,680.0
Momo,195/55 R16 87V,195/55 R16 87V,22,0.01
DELINTE (D9D9),185/65 R15 88T,185/65 R15 88T,22,570.0
Michelin,225/70 R15 100T,225/70 R15 100T,21,1.0
Lassa,195/60 R16 C,195/60 R16 C,21,1.0
Triangle,185/65 R15 88T,185/65 R15 88T,21,1.0
Starmaxx,225/70 R15 100T,225/70 R15 100T,20,930.0
Tracmax,185/65 R14 86H,185/65 R14 86H,20,400.0
Delinte,205/60 R15 91V,205/60 R15 91V,20,600.0
Boto,225/45 R17 91V XL,225/45 R17 91V XL,20,600.0
Petlas,195/70 R15 C,195/70 R15 C,20,765.0
Petlas,165/70 R13 79T,165/70 R13 79T,19,1.0
Petlas,185/65 R14 86H,185/65 R14 86H,19,1.0
Lassa(Green),205/60 R16 92V,205/60 R16 92V,19,700.0
Petlas,215/65 R16 98T,215/65 R16 98T,18,1.0
Goodyear,195/75 R16 C,195/75 R16 C,18,12.0
Lassa,195/75 R16 C,195/75 R16 C,18,1.0
Goodyear,195/65 R15 91T,195/65 R15 91T,17,1.0
Leao,175/70 R14 84T,175/70 R14 84T,17,0.1
Lassa(Revola),185/65 R15 88T,185/65 R15 88T,17,1.0
Lassa,185 R14,185 R14,16,1.0
Amine,165/70 R13 79T,165/70 R13 79T,16,440.0
Boto,195/50 R15,195/50 R15,16,460.0
Starmaxx,175/70 R14 84T,175/70 R14 84T,16,420.0
Petlas,205/70 R15 96T,205/70 R15 96T,16,1.0
Michelin,195/65 R15 91T,195/65 R15 91T,16,820.0
Leufenn,185/65 R15 88T,185/65 R15 88T,15,1.0
Delinte,215/65 R17 99V,215/65 R17 99V,15,770.0
Leufenn,225/60 R17 99H,225/60 R17 99H,15,1.0
Amine,195 R14,195 R14,14,780.0
Laufenn,195/50 R15,195/50 R15,14,500.0
Starmaxx,215 R14,215 R14,13,820.0
Landspider,175/70 R13 82T,175/70 R13 82T,13,0.01
Petlas,155 R13,155 R13,13,1.0
Boto,195 R14,195 R14,12,0.01
Goodyear,175/65 R14 82T,175/65 R14 82T,12,1.0
Boto,185/70 R14 88T,185/70 R14 88T,12,0.01
Lassa,750 R18,750 R18,11,1.0
Landspider,185 R14,185 R14,11,0.01
Nexen,225/60 R17 99H,225/60 R17 99H,11,1.0
Lassa(Green),185/60 R14 82H,185/60 R14 82H,11,570.0
Montreal,175/65 R14 82T,175/65 R14 82T,11,1.0
Starmaxx,175/70 R13 82T,175/70 R13 82T,10,380.0
zeetex,205/55 R16 91V,205/55 R16 91V,10,1.0
Landspider,165/70 R13 79T,165/70 R13 79T,10,1.0
Delinte,215/55 R17 94V,215/55 R17 94V,10,1.0
Landspider,175/70 R14 84T,175/70 R14 84T,10,0.01
TIANFU,205/55 R16 91V,205/55 R16 91V,10,0.01
Debica,165/70 R13 79T,165/70 R13 79T,9,1.0
Amine,185 R14,185 R14,9,1.0
Starmaxx,175/65 R14 82T,175/65 R14 82T,9,1.0
Lassa,175/65 R14 82T,175/65 R14 82T,9,1.0
Montreal,185/65 R14 86H,185/65 R14 86H,9,1.0
Rotalla,175/70 R14 84T,175/70 R14 84T,8,390.0
Starmaxx,205/55 R16 91V,205/55 R16 91V,8,590.0
Petlas,205/60 R16 92V,205/60 R16 92V,8,1.0
temsen,11 R22.5,11 R22.5,8,2600.0
Leao,165/70 R13 79T,165/70 R13 79T,8,0.13
Petlas,195/65 R15 91T,195/65 R15 91T,8,1.0
Boto,255/45 R19,255/45 R19,8,985.0
Lassa,225/45 R17 91V XL,225/45 R17 91V XL,8,1.0
Lassa,175/70 R13 82T,175/70 R13 82T,8,1.0
Lassa(Green),185 R14,185 R14,8,760.0
Leufenn,195/75 R16 C,195/75 R16 C,8,1.0
Lassa(Green),195/65 R15 91T,195/65 R15 91T,8,22.0
Lassa,185/65 R15 88T,185/65 R15 88T,8,1.0
Lassa(Atracta),"8,5 r17,5","8,5 r17,5",7,1850.0
Rotalla,205/45 R17 88V XL,205/45 R17 88V XL,7,12.0
Lassa(Atracta),225/45 R17 91V XL,225/45 R17 91V XL,7,770.0
Petlas (Simple),185/65 R15 88T,185/65 R15 88T,7,440.0
Landspider,215/65 R16 98T,215/65 R16 98T,7,1.0
Dunlop,185 R14,185 R14,7,1.0
Lassa,165 R13,165 R13,7,1.0
Lassa(Green),205/55 R15 88V,205/55 R15 88V,7,640.0
Montreal,175/70 R14 84T,175/70 R14 84T,7,1.0
Lassa,155 R13,155 R13,7,1.0
Tracmax,195/65 R15 91T,195/65 R15 91T,6,1.0
Triangle,155/70 R13 75T,155/70 R13 75T,6,1.0
Lassa,225/60 R17 99H,225/60 R17 99H,6,1.0
Amine,195 R15,195 R15,6,740.0
Lassa,215/60 R17 96H,215/60 R17 96H,6,1.0
Starmaxx,185 R14,185 R14,6,690.0
Lassa(Green),195/55 R16 87V,195/55 R16 87V,6,55.0
Goodyear,195/55 R16 87V,195/55 R16 87V,6,1.0
CITY STAR,255/45 R20,255/45 R20,6,965.0
Petlas (Simple),185/65 R14 86H,185/65 R14 86H,6,12.0
Rotalla,175/70 R13 82T,175/70 R13 82T,6,350.0
CITY STAR,235/40 R19,235/40 R19,6,905.0
Lassa,225/65 R15 100T,225/65 R15 100T,6,55.0
Laufenn,205/45 R17 88V XL,205/45 R17 88V XL,6,650.0
Boto,255/50 R17 101V XL,255/50 R17 101V XL,6,0.01
Delinte,235/50 R19,235/50 R19,6,1085.0
Amine,245/70 R16 107T,245/70 R16 107T,6,900.0
Boto,255/40 R20,255/40 R20,6,985.0
Leufenn,195/50 R15,195/50 R15,6,1.0
Goodyear,185/65 R15 88T,185/65 R15 88T,6,1.0
CITY STAR,205/60 R16 92V,205/60 R16 92V,6,540.0
Montreal,195/55 R16 87V,195/55 R16 87V,5,0.01
Rotalla,185/65 R15 88T,185/65 R15 88T,5,1.0
Lassa,195/60 R15 88H,195/60 R15 88H,5,1.0
Uniroyal,205 R14,205 R14,5,125.0
Michelin,185/65 R15 88T,185/65 R15 88T,5,800.0
Nexen,205/55 R16 91V,205/55 R16 91V,5,1.0
Lassa(Atracta),155/80 R13 79T,155/80 R13 79T,5,465.0
CITY STAR,245/40 R19,245/40 R19,5,855.0
Laufenn,225/40 R18 92V XL,225/40 R18 92V XL,5,750.0
Austone,185/65 R15 88T,185/65 R15 88T,5,54.99
Voyageur,195/60 R15 88H,195/60 R15 88H,5,1.0
Landspider,205/60 R16 92V,205/60 R16 92V,5,1.0
Rotalla,255/40 R18 99V XL,255/40 R18 99V XL,4,1100.0
Delinte,245/45 R19,245/45 R19,4,950.0
Lassa,185/75 R16 C,185/75 R16 C,4,1.0
Lassa(Revola),215/55 R16 93V,215/55 R16 93V,4,810.0
Hankook,215/60 R17 96H,215/60 R17 96H,4,1130.0
Rotalla,185/65 R14 86H,185/65 R14 86H,4,12.0
Petlas,11 R22.5,11 R22.5,4,2840.0
Rotalla,165/60 R14 75H,165/60 R14 75H,4,1.0
Milestone ,195 R14,195 R14,4,1.0
Lassa,195/70 R15 97T,195/70 R15 97T,4,1.0
Nexen,185/65 R15 88T,185/65 R15 88T,4,1.0
Triangle,8.5 R17.5,8.5 R17.5,4,1.0
Triangle,9.5 R17.5,9.5 R17.5,4,1.0
Goodyear,225/45 R18 91V,225/45 R18 91V,4,1000.0
Boto,185/60 R14 82H,185/60 R14 82H,4,0.01
Leao,225/45 R17 91V XL,225/45 R17 91V XL,4,0.15
Boto,235/40 R18 95V XL,235/40 R18 95V XL,4,755.0
Boto,225/55 R17 97V,225/55 R17 97V,4,770.0
Lassa,195/55 R16 87V,195/55 R16 87V,4,1.0
Boto,245/45 R18 96V,245/45 R18 96V,4,835.0
Laufenn,215/65 R16 98T,215/65 R16 98T,4,800.0
Semperit,195/55 R16 87V,195/55 R16 87V,4,1.0
Boto,235/35 R19 91V XL,235/35 R19 91V XL,4,835.0
Lassa,195/60 R16 89H,195/60 R16 89H,4,555.0
Petlas,205/45 R17 88V XL,205/45 R17 88V XL,4,0.04
Triangle,175/65 R14 82T,175/65 R14 82T,4,1.0
Rotalla,215/60 R17 96H,215/60 R17 96H,4,730.0
Laufenn,225/60 R16 98V,225/60 R16 98V,4,950.0
Goodyear,225/75 R16 C,225/75 R16 C,4,1600.0
Landspider,195/65 R15 91T,195/65 R15 91T,4,1.0
Triangle,185/65 R14 86H,185/65 R14 86H,4,1.0
Laufenn,195 R14,195 R14,3,700.0
Delinte,195/75 R16 C,195/75 R16 C,3,1.0
Double Coin,215/55 R16 93V,215/55 R16 93V,3,700.0
Lassa(Atracta),185/65 R15 88T,185/65 R15 88T,3,1.0
Rotalla,225/45 R19,225/45 R19,3,1.0
Rotalla,255/35 R19 96V XL,255/35 R19 96V XL,3,1.0
Lassa(Green),165/65 R14,165/65 R14,3,440.0
zeetex,205/55 R15 88V,205/55 R15 88V,3,480.0
Lassa,205/65 R15 94V,205/65 R15 94V,3,1.0
Delinte,195/60 R15 88H,195/60 R15 88H,3,1.0
Momo,205/55 R16 91V,205/55 R16 91V,3,1.0
Michelin,215/70 R15 98T,215/70 R15 98T,3,0.01
DVR,195/65 R15 91T,195/65 R15 91T,3,1.0
Dunlop,195 R14,195 R14,3,800.0
Durun,155/70 R13 75T,155/70 R13 75T,3,1.0
Laufenn,205/55 R16 91V,205/55 R16 91V,3,580.0
Sailun,165/60 R14 75H,165/60 R14 75H,3,1.0
Lassa,155/80 R13 79T,155/80 R13 79T,3,1.0
Landspider,195 R14,195 R14,3,1.0
Rotalla,205/55 R16 91V,205/55 R16 91V,3,1.0
Lassa(Green),750 R16,750 R16,3,820.0
Petlas,185 R14,185 R14,3,1.0
Dunlop,175/70 R13 82T,175/70 R13 82T,3,1.0
zeetex,225/50 R17 94V,225/50 R17 94V,3,1.0
Lassa(Atracta),195/50 R15,195/50 R15,3,550.0
Lassa(Revola),205/55 R16 91V,205/55 R16 91V,3,0.01
Laufenn,185/65 R15 88T,185/65 R15 88T,3,500.0
Petlas (Simple),205/65 R15 94V,205/65 R15 94V,3,600.0
Laufenn,185/65 R14 86H,185/65 R14 86H,3,48.0
Lassa(Atracta),185/65 R14 86H,185/65 R14 86H,3,560.0
Petlas,215/60 R16 95V,215/60 R16 95V,3,1.0
Voyageur,195/65 R15 91T,195/65 R15 91T,3,1.0
Lassa,185/60 R15 84H,185/60 R15 84H,3,1.0
Nexen,165/65 R14,165/65 R14,2,1.0
Austone,195 R15,195 R15,2,1.0
DVR,185/65 R15 88T,185/65 R15 88T,2,1.0
Petlas,195/75 R16 C,195/75 R16 C,2,0.11
CITY STAR,195/55 R16 87V,195/55 R16 87V,2,475.0
Delinte,235/65 R17 104T,235/65 R17 104T,2,1.0
Laufenn,225/60 R17 99H,225/60 R17 99H,2,1000.0
DVR,185/65 R14 86H,185/65 R14 86H,2,1.0
Voyageur,195/60 R16 89H,195/60 R16 89H,2,530.0
Lassa(Green),165/70 r14,165/70 r14,2,485.0
Petlas,18/04 R30,18/04 R30,2,0.01
Boto,265/70 R16 112T,265/70 R16 112T,2,1100.0
Triangle,175 R14,175 R14,2,0.01
Delinte,215/50 R18 92V,215/50 R18 92V,2,765.0
Delinte,235/60 R18 103V,235/60 R18 103V,2,930.0
Sailun,205/55 R16 91V,205/55 R16 91V,2,1.0
Delinte,225/45 R19,225/45 R19,2,1.0
Semperit,215/55 R17 94V,215/55 R17 94V,2,1.0
Landspider,155/70 R13 75T,155/70 R13 75T,2,1.0
Avantech,175/70 R14 84T,175/70 R14 84T,2,370.0
Austone,155 R13,155 R13,2,1.0
Leufenn,195/55 R16 87V,195/55 R16 87V,2,1.0
Semperit,205/55 R16 91V,205/55 R16 91V,2,1.0
Lassa(Green),185/60 R15 84H,185/60 R15 84H,2,560.0
Funtoma,175/70 R14 84T,175/70 R14 84T,2,1.0
Leao,185/65 R15 88T,185/65 R15 88T,2,0.11
Triangle,295/80 R22.5,295/80 R22.5,2,3500.0
Lassa(Green),225/40 R18 92V XL,225/40 R18 92V XL,2,750.0
Lassa(Atracta),195/75 R16 C,195/75 R16 C,2,1040.0
Nexen,185/65 R14 86H,185/65 R14 86H,2,1.0
Lassa,155/70 R13 75T,155/70 R13 75T,2,1.0
Lassa,195/55 R15 85H,195/55 R15 85H,2,1.0
Lassa,225/55 R18 98V,225/55 R18 98V,2,1.0
Lassa,215/55 R16 93V,215/55 R16 93V,2,1.0
Lassa,195/65 R15 91T,195/65 R15 91T,2,580.0
Triangle,195 R15,195 R15,2,1.0
Laufenn,205/50 R17 89V,205/50 R17 89V,2,700.0
Petlas (Simple),195/65 R15 91T,195/65 R15 91T,2,490.0
Boto,225/70 R15 100T,225/70 R15 100T,2,790.0
Delinte,195/60 R16 89H,195/60 R16 89H,2,680.0
TIANFU,175/65 R14 82T,175/65 R14 82T,2,0.01
CITY STAR,185/65 R15 88T,185/65 R15 88T,2,410.0
Delinte,175/70 R14 84T,175/70 R14 84T,2,1.0
Triangle,195/65 R15 91T,195/65 R15 91T,2,0.21
Delinte,165/60 R14 75H,165/60 R14 75H,2,1.0
Sailun,215/65 R16 98T,215/65 R16 98T,2,1.0
Rotalla,175/65 R14 82T,175/65 R14 82T,2,1.0
TIANFU,175/65 R15,175/65 R15,2,410.0
Petlas (Simple),155/70 R13 75T,155/70 R13 75T,2,350.0
Boto,185/60 R15 84H,185/60 R15 84H,2,470.0
Dunlop,215/75 R16 C,215/75 R16 C,2,1050.0
Petlas,185/60 R14 82H,185/60 R14 82H,2,1.0
Firestone,215/65 R17 99V,215/65 R17 99V,2,1.0
Laufenn,175/65 R14 82T,175/65 R14 82T,2,420.0
Lassa(Atracta),185/70 R14 88T,185/70 R14 88T,2,590.0
Petlas,205/75 R16 C,205/75 R16 C,2,1.0
Petlas,165/60 R14 75H,165/60 R14 75H,2,1.0
Lassa,750 R16,750 R16,2,1.0
Avantech,225/45 R17 91V XL,225/45 R17 91V XL,2,1.0
Durun,155/80 R13 79T,155/80 R13 79T,2,1.0
Austone,195/65 R15 91T,195/65 R15 91T,1,470.0
Lassa,165/70 R13 79T,165/70 R13 79T,1,1.0
Petlas (Simple),215/65 R16 C,215/65 R16 C,1,900.0
Sailun,"8,5 r17,5","8,5 r17,5",1,1400.0
Delinte,235/45 R18 94V,235/45 R18 94V,1,1.0
Lassa(Atracta),155 R13,155 R13,1,580.0
Lassa,175/70 R14 84T,175/70 R14 84T,1,1.0
Delinte,225/55 R17 97V,225/55 R17 97V,1,480.0
Petlas,235/55 R17 99V XL,235/55 R17 99V XL,1,1.0
Petlas,235/65 R16 103T,235/65 R16 103T,1,1.0
Kelly,205/60 R16 92V,205/60 R16 92V,1,670.0
Lassa(Atracta),225/55 R16 95V,225/55 R16 95V,1,950.0
Triangle,195 R14,195 R14,1,660.0
Petlas,175/70 R13 82T,175/70 R13 82T,1,1.0
Dunlop,195/65 R15 91T,195/65 R15 91T,1,600.0
Boto,225/45 R18 91V,225/45 R18 91V,1,735.0
Momo,215/55 R17 94V,215/55 R17 94V,1,680.0
Laufenn,225/45 R17 91V XL,225/45 R17 91V XL,1,700.0
Austone,215/55 R16 93V,215/55 R16 93V,1,0.05
Dunlop,205/55 R15 88V,205/55 R15 88V,1,700.0
Goodyear,195/65 R14 89H,195/65 R14 89H,1,570.0
Petlas,185/60 R15 84H,185/60 R15 84H,1,1.0
Laufenn,235/65 R17 104T,235/65 R17 104T,1,900.0
Lassa,165/65 R14,165/65 R14,1,1.0
Durun,165/70 R13 79T,165/70 R13 79T,1,1.0
Boto,205 R14,205 R14,1,730.0
Semperit,205/55 R15 88V,205/55 R15 88V,1,620.0
Sailun,185/65 R15 88T,185/65 R15 88T,1,420.0
waterfall,165/70 R13 79T,165/70 R13 79T,1,1.0
Momo,225/45 R19,225/45 R19,1,1.0
Starmaxx,195/50 R15,195/50 R15,1,500.0
DVR,175/70 R13 82T,175/70 R13 82T,1,1.0
Evergreen,225/70 R15 100T,225/70 R15 100T,1,1.0
Rotalla,195/55 R16 87V,195/55 R16 87V,1,1.0
Lassa,205/55 R16 91V,205/55 R16 91V,1,1.0
Triangle,195/60 R16 C,195/60 R16 C,1,1.0
Delinte,205/65 R15 94V,205/65 R15 94V,1,1.0
Leao,175/65 R14 82T,175/65 R14 82T,1,0.01
Hankook,235/55 R18 100V,235/55 R18 100V,1,1.0
Petlas,205/65 R16 95H,205/65 R16 95H,1,580.0
Debica,175/70 R13 82T,175/70 R13 82T,1,1.0
Laufenn,215/60 R17 96H,215/60 R17 96H,1,900.0
Avantech,175/65 R14 82T,175/65 R14 82T,1,340.0
zeetex,205/50 R17 89V,205/50 R17 89V,1,1.0
Petlas,215/55 R16 93V,215/55 R16 93V,1,1.0
Laufenn,245/45 R18 96V,245/45 R18 96V,1,900.0
Lassa(Green),165 R13,165 R13,1,220.0
Goodyear,245/45 R18 96V,245/45 R18 96V,1,1.0
Delinte,195/50 R15,195/50 R15,1,1.0
Lassa,195/50 R15,195/50 R15,1,1.0
Delinte,225/40 R19,225/40 R19,1,900.0
Petlas,205 R14,205 R14,1,1.0
Laufenn,235/55 r19,235/55 r19,1,900.0
Petlas,215/75 R16 C,215/75 R16 C,1,2.0
Lassa,185/70 R14 88T,185/70 R14 88T,1,1.0
Laufenn,195/70 R14 91T,195/70 R14 91T,1,700.0
Lassa(Green),155 R12 C,155 R12 C,1,590.0
Funtoma,155/70 R13 75T,155/70 R13 75T,1,1.0
Petlas,215 R14,215 R14,1,1.0
Petlas,225/45 R19,225/45 R19,1,1000.0
Nexen,195/55 R15 85H,195/55 R15 85H,1,450.0
Landspider,185/65 R14 86H,185/65 R14 86H,1,1.0
Lassa,205/60 R16 92V,205/60 R16 92V,1,1.0
Lassa,205/75 R16 C,205/75 R16 C,1,1.0
Matador,225/40 R18 92V XL,225/40 R18 92V XL,1,1.0
Momo,205/55 R15 88V,205/55 R15 88V,1,550.0
Petlas,195/45 R16,195/45 R16,1,1.0
Montreal,165/70 r14,165/70 r14,1,400.0
Doubleking,215/70 R15 98T,215/70 R15 98T,1,800.0
Dunlop,225/70 R15 100T,225/70 R15 100T,1,1.0
SAILUN,225/40 R18 92V XL,225/40 R18 92V XL,1,720.0
Lassa(Green),195/60 R15 88H,195/60 R15 88H,1,540.0
Petlas,205/55 R16 91V,205/55 R16 91V,1,1.0
Goodyear,205/60 R16 92V,205/60 R16 92V,1,22.0
Boto,175/65 R14 82T,175/65 R14 82T,1,370.0
Petlas,155/70 R13 75T,155/70 R13 75T,1,1.0
Petlas,"13 r22,5","13 r22,5",1,3800.0
Triangle,"8,5 r17,5","8,5 r17,5",1,1400.0
Falken,185/65 R15 88T,185/65 R15 88T,1,500.0
Triangle,175/70 R14 84T,175/70 R14 84T,1,1.0
